游린	Alabama
游린	Alaska
游린	Arizona
游린	Arkansas
游린	California
游린	Colorado
游린	Connecticut
游린	Delaware
游린	Florida
游린	Georgia
游린	Hawaii
游린	Idaho
游린	Illinois
游린	Indiana
游린	Iowa
游린	Kansas
游린	Kentucky
游린	Louisiana
游린	Maine
游린	Maryland
游린	Massachusetts
游린	Michigan
游린	Minnesota
游린	Mississippi
游린	Missouri
游린	Montana
游린	Nebraska
游린	Nevada
游린	New Hampshire
游린	New Jersey
游린	New Mexico
游린	New York
游린	North Carolina
游린	North Dakota
游린	Ohio
游린	Oklahoma
游린	Oregon
游린	Pennsylvania
游린	Rhode Island
游린	South Carolina
游린	South Dakota
游린	Tennessee
游린	Texas
游린	Utah
游린	Vermont
游린	Virginia
游린	Washington
游린	West Virginia
游린	Wisconsin
游린	Wyoming
